id;name;description;created_at
1;generally before;../fake-data/blob/hipster.txt;2026-04-16T11:58:59
2;to;../fake-data/blob/hipster.txt;2026-04-15T13:39:16
3;wetly gah;../fake-data/blob/hipster.txt;2026-04-16T04:45:21
4;aha rag;../fake-data/blob/hipster.txt;2026-04-15T13:02:42
5;knotty;../fake-data/blob/hipster.txt;2026-04-15T21:18:22
6;which;../fake-data/blob/hipster.txt;2026-04-15T22:43:20
7;woot ajar;../fake-data/blob/hipster.txt;2026-04-15T23:20:52
8;stigmatize whoever;../fake-data/blob/hipster.txt;2026-04-16T11:51:17
9;clumsy victoriously since;../fake-data/blob/hipster.txt;2026-04-15T21:01:58
10;yum inasmuch;../fake-data/blob/hipster.txt;2026-04-15T14:42:52
